Type,Slice,X,Y,Value,C-pos,Z-pos,T-pos,X(micron),Y(micron),Z(micron),Image Name
1,1,25,360,127.0,1,1,1,28.437,409.492,0.0,529551_F_WT_s1h1
1,1,47,153,119.0,1,1,1,53.461,174.034,0.0,529551_F_WT_s1h1
1,1,164,116,34.0,1,1,1,186.546,131.947,0.0,529551_F_WT_s1h1
1,1,7,42,98.0,1,1,1,7.962,47.774,0.0,529551_F_WT_s1h1
1,1,5,98,56.0,1,1,1,5.687,111.473,0.0,529551_F_WT_s1h1
1,1,3,403,122.0,1,1,1,3.412,458.403,0.0,529551_F_WT_s1h1
1,1,128,334,153.0,1,1,1,145.597,379.917,0.0,529551_F_WT_s1h1
1,1,119,265,157.0,1,1,1,135.36,301.431,0.0,529551_F_WT_s1h1
1,1,96,127,88.0,1,1,1,109.198,144.46,0.0,529551_F_WT_s1h1
1,1,162,172,123.0,1,1,1,184.271,195.646,0.0,529551_F_WT_s1h1
1,1,2,255,77.0,1,1,1,2.275,290.057,0.0,529551_F_WT_s1h1
1,1,11,240,61.0,1,1,1,12.512,272.994,0.0,529551_F_WT_s1h1
1,1,193,563,37.0,1,1,1,219.533,640.399,0.0,529551_F_WT_s1h1
1,1,172,190,112.0,1,1,1,195.646,216.121,0.0,529551_F_WT_s1h1
2,1,3,405,138.0,1,1,1,3.412,460.678,0.0,529551_F_WT_s1h1
2,1,194,565,13.0,1,1,1,220.67,642.674,0.0,529551_F_WT_s1h1
1,1,47,89,130.0,1,1,1,53.461,101.235,0.0,529551_F_WT_s1h2
1,1,65,353,119.0,1,1,1,73.936,401.529,0.0,529551_F_WT_s1h2
1,1,88,529,103.0,1,1,1,100.098,601.724,0.0,529551_F_WT_s1h2
1,1,83,463,71.0,1,1,1,94.411,526.651,0.0,529551_F_WT_s1h2
1,1,97,216,114.0,1,1,1,110.335,245.695,0.0,529551_F_WT_s1h2
1,1,93,627,66.0,1,1,1,105.785,713.197,0.0,529551_F_WT_s1h2
1,1,129,488,232.0,1,1,1,146.734,555.088,0.0,529551_F_WT_s1h2
1,1,153,444,32.0,1,1,1,174.034,505.039,0.0,529551_F_WT_s1h2
1,1,62,562,135.0,1,1,1,70.524,639.261,0.0,529551_F_WT_s1h2
1,1,31,37,199.0,1,1,1,35.262,42.087,0.0,529551_F_WT_s1h2
1,1,121,41,165.0,1,1,1,137.635,46.636,0.0,529551_F_WT_s1h2
2,1,64,351,116.0,1,1,1,72.798,399.254,0.0,529551_F_WT_s1h2
2,1,153,445,46.0,1,1,1,174.034,506.176,0.0,529551_F_WT_s1h2
2,1,129,489,226.0,1,1,1,146.734,556.225,0.0,529551_F_WT_s1h2
2,1,84,462,68.0,1,1,1,95.548,525.514,0.0,529551_F_WT_s1h2
2,1,86,528,53.0,1,1,1,97.823,600.587,0.0,529551_F_WT_s1h2
2,1,94,629,40.0,1,1,1,106.923,715.472,0.0,529551_F_WT_s1h2
1,1,13,53,68.0,1,1,1,14.787,60.286,0.0,529551_F_WT_s2h1
1,1,140,39,165.0,1,1,1,159.247,44.362,0.0,529551_F_WT_s2h1
1,1,148,66,22.0,1,1,1,168.347,75.073,0.0,529551_F_WT_s2h1
1,1,157,122,68.0,1,1,1,178.584,138.772,0.0,529551_F_WT_s2h1
1,1,170,100,65.0,1,1,1,193.371,113.748,0.0,529551_F_WT_s2h1
1,1,29,148,85.0,1,1,1,32.987,168.347,0.0,529551_F_WT_s2h1
1,1,124,251,46.0,1,1,1,141.047,285.507,0.0,529551_F_WT_s2h1
1,1,138,238,59.0,1,1,1,156.972,270.719,0.0,529551_F_WT_s2h1
1,1,74,339,136.0,1,1,1,84.173,385.605,0.0,529551_F_WT_s2h1
1,1,35,400,14.0,1,1,1,39.812,454.991,0.0,529551_F_WT_s2h1
1,1,42,573,67.0,1,1,1,47.774,651.774,0.0,529551_F_WT_s2h1
1,1,8,441,142.0,1,1,1,9.1,501.627,0.0,529551_F_WT_s2h1
1,1,52,467,100.0,1,1,1,59.149,531.202,0.0,529551_F_WT_s2h1
1,1,186,168,219.0,1,1,1,211.571,191.096,0.0,529551_F_WT_s2h1
1,1,190,163,37.0,1,1,1,216.121,185.409,0.0,529551_F_WT_s2h1
1,1,181,703,51.0,1,1,1,205.883,799.646,0.0,529551_F_WT_s2h1
1,1,29,533,130.0,1,1,1,32.987,606.275,0.0,529551_F_WT_s2h1
1,1,101,392,51.0,1,1,1,114.885,445.891,0.0,529551_F_WT_s2h1
2,1,41,573,95.0,1,1,1,46.637,651.774,0.0,529551_F_WT_s2h1
2,1,182,703,80.0,1,1,1,207.021,799.646,0.0,529551_F_WT_s2h1
2,1,30,535,80.0,1,1,1,34.124,608.55,0.0,529551_F_WT_s2h1
2,1,52,467,100.0,1,1,1,59.149,531.202,0.0,529551_F_WT_s2h1
2,1,8,440,165.0,1,1,1,9.1,500.49,0.0,529551_F_WT_s2h1
2,1,33,398,120.0,1,1,1,37.537,452.716,0.0,529551_F_WT_s2h1
1,1,126,82,42.0,1,1,1,143.322,93.273,0.0,529552_M_KO_s1h1
1,1,88,51,129.0,1,1,1,100.098,58.011,0.0,529552_M_KO_s1h1
1,1,90,104,114.0,1,1,1,102.373,118.298,0.0,529552_M_KO_s1h1
1,1,46,112,134.0,1,1,1,52.324,127.397,0.0,529552_M_KO_s1h1
1,1,94,191,84.0,1,1,1,106.923,217.258,0.0,529552_M_KO_s1h1
1,1,89,624,34.0,1,1,1,101.235,709.785,0.0,529552_M_KO_s1h1
1,1,40,555,122.0,1,1,1,45.499,631.299,0.0,529552_M_KO_s1h1
1,1,50,408,67.0,1,1,1,56.874,464.09,0.0,529552_M_KO_s1h1
1,1,163,302,55.0,1,1,1,185.409,343.518,0.0,529552_M_KO_s1h1
1,1,131,229,176.0,1,1,1,149.009,260.482,0.0,529552_M_KO_s1h1
1,1,160,64,49.0,1,1,1,181.996,72.798,0.0,529552_M_KO_s1h1
1,1,168,61,100.0,1,1,1,191.096,69.386,0.0,529552_M_KO_s1h1
1,1,181,88,8.0,1,1,1,205.883,100.098,0.0,529552_M_KO_s1h1
1,1,41,228,30.0,1,1,1,46.637,259.345,0.0,529552_M_KO_s1h1
1,1,91,310,138.0,1,1,1,103.51,352.618,0.0,529552_M_KO_s1h1
1,1,147,250,83.0,1,1,1,167.209,284.369,0.0,529552_M_KO_s1h1
2,1,90,626,74.0,1,1,1,102.373,712.06,0.0,529552_M_KO_s1h1
2,1,148,253,124.0,1,1,1,168.347,287.782,0.0,529552_M_KO_s1h1
2,1,91,105,124.0,1,1,1,103.51,119.435,0.0,529552_M_KO_s1h1
2,1,90,50,19.0,1,1,1,102.373,56.874,0.0,529552_M_KO_s1h1
2,1,41,556,130.0,1,1,1,46.637,632.437,0.0,529552_M_KO_s1h1
1,1,152,205,112.0,1,1,1,172.896,233.183,0.0,529552_M_KO_s1h2
1,1,175,145,131.0,1,1,1,199.058,164.934,0.0,529552_M_KO_s1h2
1,1,105,229,13.0,1,1,1,119.435,260.482,0.0,529552_M_KO_s1h2
1,1,54,128,79.0,1,1,1,61.424,145.597,0.0,529552_M_KO_s1h2
1,1,125,39,59.0,1,1,1,142.185,44.362,0.0,529552_M_KO_s1h2
1,1,18,40,160.0,1,1,1,20.475,45.499,0.0,529552_M_KO_s1h2
1,1,7,158,83.0,1,1,1,7.962,179.721,0.0,529552_M_KO_s1h2
1,1,158,298,125.0,1,1,1,179.721,338.968,0.0,529552_M_KO_s1h2
1,1,111,325,156.0,1,1,1,126.26,369.68,0.0,529552_M_KO_s1h2
1,1,135,132,59.0,1,1,1,153.559,150.147,0.0,529552_M_KO_s1h2
1,1,162,424,208.0,1,1,1,184.271,482.29,0.0,529552_M_KO_s1h2
1,1,50,374,30.0,1,1,1,56.874,425.416,0.0,529552_M_KO_s1h2
1,1,95,458,154.0,1,1,1,108.06,520.964,0.0,529552_M_KO_s1h2
1,1,120,516,108.0,1,1,1,136.497,586.938,0.0,529552_M_KO_s1h2
1,1,175,381,30.0,1,1,1,199.058,433.379,0.0,529552_M_KO_s1h2
2,1,121,518,108.0,1,1,1,137.635,589.213,0.0,529552_M_KO_s1h2
2,1,164,426,18.0,1,1,1,186.546,484.565,0.0,529552_M_KO_s1h2
2,1,179,382,7.0,1,1,1,203.608,434.516,0.0,529552_M_KO_s1h2
1,1,46,61,74.0,1,1,1,52.324,69.386,0.0,529552_M_KO_s2h1
1,1,136,29,114.0,1,1,1,154.697,32.987,0.0,529552_M_KO_s2h1
1,1,151,63,110.0,1,1,1,171.759,71.661,0.0,529552_M_KO_s2h1
1,1,117,170,31.0,1,1,1,133.085,193.371,0.0,529552_M_KO_s2h1
1,1,61,127,130.0,1,1,1,69.386,144.46,0.0,529552_M_KO_s2h1
1,1,32,99,176.0,1,1,1,36.399,112.61,0.0,529552_M_KO_s2h1
1,1,33,188,94.0,1,1,1,37.537,213.846,0.0,529552_M_KO_s2h1
1,1,84,195,129.0,1,1,1,95.548,221.808,0.0,529552_M_KO_s2h1
1,1,47,238,66.0,1,1,1,53.461,270.719,0.0,529552_M_KO_s2h1
1,1,28,428,165.0,1,1,1,31.849,486.84,0.0,529552_M_KO_s2h1
1,1,137,276,116.0,1,1,1,155.834,313.944,0.0,529552_M_KO_s2h1
1,1,146,321,201.0,1,1,1,166.072,365.13,0.0,529552_M_KO_s2h1
1,1,2,228,207.0,1,1,1,2.275,259.345,0.0,529552_M_KO_s2h1
1,1,69,504,87.0,1,1,1,78.486,573.288,0.0,529552_M_KO_s2h1
1,1,29,601,104.0,1,1,1,32.987,683.623,0.0,529552_M_KO_s2h1
1,1,187,657,147.0,1,1,1,212.708,747.322,0.0,529552_M_KO_s2h1
1,1,192,256,98.0,1,1,1,218.395,291.194,0.0,529552_M_KO_s2h1
1,1,130,516,140.0,1,1,1,147.872,586.938,0.0,529552_M_KO_s2h1
1,1,49,654,185.0,1,1,1,55.736,743.91,0.0,529552_M_KO_s2h1
2,1,49,655,196.0,1,1,1,55.736,745.047,0.0,529552_M_KO_s2h1
2,1,188,658,69.0,1,1,1,213.846,748.46,0.0,529552_M_KO_s2h1
2,1,132,517,26.0,1,1,1,150.147,588.075,0.0,529552_M_KO_s2h1
2,1,190,255,62.0,1,1,1,216.121,290.057,0.0,529552_M_KO_s2h1
1,1,43,662,60.0,1,1,1,48.911,753.009,0.0,551833_M_WT_s1h1
1,1,28,524,55.0,1,1,1,31.849,596.038,0.0,551833_M_WT_s1h1
1,1,42,33,113.0,1,1,1,47.774,37.537,0.0,551833_M_WT_s1h1
1,1,119,348,29.0,1,1,1,135.36,395.842,0.0,551833_M_WT_s1h1
1,1,184,467,94.0,1,1,1,209.296,531.202,0.0,551833_M_WT_s1h1
1,1,187,412,117.0,1,1,1,212.708,468.64,0.0,551833_M_WT_s1h1
1,1,17,462,146.0,1,1,1,19.337,525.514,0.0,551833_M_WT_s1h1
1,1,45,484,83.0,1,1,1,51.186,550.539,0.0,551833_M_WT_s1h1
1,1,47,570,49.0,1,1,1,53.461,648.362,0.0,551833_M_WT_s1h1
1,1,168,564,43.0,1,1,1,191.096,641.537,0.0,551833_M_WT_s1h1
1,1,24,608,52.0,1,1,1,27.299,691.586,0.0,551833_M_WT_s1h1
1,1,33,608,82.0,1,1,1,37.537,691.586,0.0,551833_M_WT_s1h1
1,1,82,619,78.0,1,1,1,93.273,704.098,0.0,551833_M_WT_s1h1
1,1,127,729,26.0,1,1,1,144.46,829.22,0.0,551833_M_WT_s1h1
1,1,110,856,54.0,1,1,1,125.122,973.68,0.0,551833_M_WT_s1h1
1,1,173,793,153.0,1,1,1,196.783,902.019,0.0,551833_M_WT_s1h1
1,1,14,909,64.0,1,1,1,15.925,1033.966,0.0,551833_M_WT_s1h1
1,1,29,870,91.0,1,1,1,32.987,989.605,0.0,551833_M_WT_s1h1
1,1,3,842,7.0,1,1,1,3.412,957.755,0.0,551833_M_WT_s1h1
1,1,97,783,136.0,1,1,1,110.335,890.644,0.0,551833_M_WT_s1h1
1,1,157,849,62.0,1,1,1,178.584,965.718,0.0,551833_M_WT_s1h1
2,1,45,483,75.0,1,1,1,51.186,549.401,0.0,551833_M_WT_s1h1
2,1,127,730,28.0,1,1,1,144.46,830.358,0.0,551833_M_WT_s1h1
2,1,98,783,84.0,1,1,1,111.473,890.644,0.0,551833_M_WT_s1h1
2,1,174,791,54.0,1,1,1,197.921,899.744,0.0,551833_M_WT_s1h1
2,1,189,412,54.0,1,1,1,214.983,468.64,0.0,551833_M_WT_s1h1
2,1,119,347,30.0,1,1,1,135.36,394.704,0.0,551833_M_WT_s1h1
2,1,26,607,31.0,1,1,1,29.574,690.448,0.0,551833_M_WT_s1h1
2,1,110,853,47.0,1,1,1,125.122,970.268,0.0,551833_M_WT_s1h1
2,1,156,847,10.0,1,1,1,177.446,963.443,0.0,551833_M_WT_s1h1
2,1,5,844,8.0,1,1,1,5.687,960.03,0.0,551833_M_WT_s1h1
2,1,28,868,95.0,1,1,1,31.849,987.33,0.0,551833_M_WT_s1h1
2,1,15,907,18.0,1,1,1,17.062,1031.691,0.0,551833_M_WT_s1h1
1,1,159,109,52.0,1,1,1,180.859,123.985,0.0,551833_M_WT_s2h2
1,1,128,51,120.0,1,1,1,145.597,58.011,0.0,551833_M_WT_s2h2
1,1,132,312,56.0,1,1,1,150.147,354.893,0.0,551833_M_WT_s2h2
1,1,27,56,16.0,1,1,1,30.712,63.699,0.0,551833_M_WT_s2h2
1,1,89,491,166.0,1,1,1,101.235,558.501,0.0,551833_M_WT_s2h2
1,1,79,583,86.0,1,1,1,89.861,663.149,0.0,551833_M_WT_s2h2
1,1,152,491,71.0,1,1,1,172.896,558.501,0.0,551833_M_WT_s2h2
1,1,180,628,93.0,1,1,1,204.746,714.335,0.0,551833_M_WT_s2h2
1,1,2,630,100.0,1,1,1,2.275,716.61,0.0,551833_M_WT_s2h2
1,1,47,679,108.0,1,1,1,53.461,772.347,0.0,551833_M_WT_s2h2
1,1,117,685,32.0,1,1,1,133.085,779.171,0.0,551833_M_WT_s2h2
1,1,164,374,46.0,1,1,1,186.546,425.416,0.0,551833_M_WT_s2h2
1,1,119,731,8.0,1,1,1,135.36,831.495,0.0,551833_M_WT_s2h2
1,1,184,691,96.0,1,1,1,209.296,785.996,0.0,551833_M_WT_s2h2
2,1,88,492,117.0,1,1,1,100.098,559.638,0.0,551833_M_WT_s2h2
2,1,46,676,103.0,1,1,1,52.324,768.934,0.0,551833_M_WT_s2h2
2,1,184,693,89.0,1,1,1,209.296,788.271,0.0,551833_M_WT_s2h2
2,1,163,375,36.0,1,1,1,185.409,426.554,0.0,551833_M_WT_s2h2
2,1,27,54,17.0,1,1,1,30.712,61.424,0.0,551833_M_WT_s2h2
2,1,78,582,83.0,1,1,1,88.723,662.011,0.0,551833_M_WT_s2h2
1,1,126,97,165.0,1,1,1,143.322,110.335,0.0,551834_M_KO_s1h1
1,1,164,167,67.0,1,1,1,186.546,189.959,0.0,551834_M_KO_s1h1
1,1,65,315,89.0,1,1,1,73.936,358.305,0.0,551834_M_KO_s1h1
1,1,67,499,49.0,1,1,1,76.211,567.601,0.0,551834_M_KO_s1h1
1,1,75,204,90.0,1,1,1,85.311,232.045,0.0,551834_M_KO_s1h1
1,1,84,192,114.0,1,1,1,95.548,218.395,0.0,551834_M_KO_s1h1
1,1,14,323,89.0,1,1,1,15.925,367.405,0.0,551834_M_KO_s1h1
1,1,162,339,50.0,1,1,1,184.271,385.605,0.0,551834_M_KO_s1h1
1,1,114,601,64.0,1,1,1,129.672,683.623,0.0,551834_M_KO_s1h1
1,1,53,615,34.0,1,1,1,60.286,699.548,0.0,551834_M_KO_s1h1
1,1,101,655,49.0,1,1,1,114.885,745.047,0.0,551834_M_KO_s1h1
1,1,113,529,81.0,1,1,1,128.535,601.725,0.0,551834_M_KO_s1h1
1,1,34,222,16.0,1,1,1,38.674,252.52,0.0,551834_M_KO_s1h1
2,1,113,602,48.0,1,1,1,128.535,684.761,0.0,551834_M_KO_s1h1
2,1,102,652,65.0,1,1,1,116.023,741.635,0.0,551834_M_KO_s1h1
2,1,162,337,39.0,1,1,1,184.271,383.33,0.0,551834_M_KO_s1h1
2,1,11,323,84.0,1,1,1,12.512,367.405,0.0,551834_M_KO_s1h1
2,1,34,223,33.0,1,1,1,38.674,253.657,0.0,551834_M_KO_s1h1
1,1,154,509,52.0,1,1,1,175.171,578.976,0.0,551834_M_KO_s1h2
1,1,30,120,31.0,1,1,1,34.124,136.497,0.0,551834_M_KO_s1h2
1,1,34,166,16.0,1,1,1,38.674,188.821,0.0,551834_M_KO_s1h2
1,1,69,605,84.0,1,1,1,78.486,688.173,0.0,551834_M_KO_s1h2
1,1,193,617,24.0,1,1,1,219.533,701.823,0.0,551834_M_KO_s1h2
1,1,182,348,60.0,1,1,1,207.021,395.842,0.0,551834_M_KO_s1h2
1,1,183,198,82.0,1,1,1,208.158,225.22,0.0,551834_M_KO_s1h2
1,1,114,147,66.0,1,1,1,129.672,167.209,0.0,551834_M_KO_s1h2
2,1,156,509,27.0,1,1,1,177.446,578.976,0.0,551834_M_KO_s1h2
2,1,193,617,24.0,1,1,1,219.533,701.823,0.0,551834_M_KO_s1h2
2,1,180,350,37.0,1,1,1,204.746,398.117,0.0,551834_M_KO_s1h2
1,1,87,329,91.0,1,1,1,98.96,374.23,0.0,551834_M_KO_s2h1
1,1,167,86,160.0,1,1,1,189.959,97.823,0.0,551834_M_KO_s2h1
1,1,81,211,69.0,1,1,1,92.136,240.008,0.0,551834_M_KO_s2h1
1,1,150,146,12.0,1,1,1,170.621,166.072,0.0,551834_M_KO_s2h1
1,1,57,408,22.0,1,1,1,64.836,464.09,0.0,551834_M_KO_s2h1
1,1,131,548,121.0,1,1,1,149.009,623.337,0.0,551834_M_KO_s2h1
1,1,97,635,33.0,1,1,1,110.335,722.298,0.0,551834_M_KO_s2h1
1,1,128,507,94.0,1,1,1,145.597,576.701,0.0,551834_M_KO_s2h1
1,1,108,144,67.0,1,1,1,122.847,163.797,0.0,551834_M_KO_s2h1
1,1,184,498,12.0,1,1,1,209.296,566.463,0.0,551834_M_KO_s2h1
1,1,143,360,10.0,1,1,1,162.659,409.492,0.0,551834_M_KO_s2h1
1,1,3,37,10.0,1,1,1,3.412,42.087,0.0,551834_M_KO_s2h1
1,1,5,644,53.0,1,1,1,5.687,732.535,0.0,551834_M_KO_s2h1
2,1,58,405,12.0,1,1,1,65.974,460.678,0.0,551834_M_KO_s2h1
2,1,146,358,6.0,1,1,1,166.072,407.217,0.0,551834_M_KO_s2h1
2,1,128,507,94.0,1,1,1,145.597,576.701,0.0,551834_M_KO_s2h1
2,1,133,549,7.0,1,1,1,151.284,624.475,0.0,551834_M_KO_s2h1
2,1,186,499,8.0,1,1,1,211.571,567.601,0.0,551834_M_KO_s2h1
2,1,96,633,37.0,1,1,1,109.198,720.023,0.0,551834_M_KO_s2h1
2,1,5,644,53.0,1,1,1,5.687,732.535,0.0,551834_M_KO_s2h1
1,1,22,285,110.0,1,1,1,25.024,324.18,0.0,551932_M_WT_s1h1
1,1,104,374,41.0,1,1,1,118.298,425.416,0.0,551932_M_WT_s1h1
1,1,184,103,18.0,1,1,1,209.296,117.16,0.0,551932_M_WT_s1h1
1,1,142,256,78.0,1,1,1,161.522,291.194,0.0,551932_M_WT_s1h1
1,1,77,714,72.0,1,1,1,87.586,812.157,0.0,551932_M_WT_s1h1
1,1,103,557,110.0,1,1,1,117.16,633.574,0.0,551932_M_WT_s1h1
1,1,115,176,70.0,1,1,1,130.81,200.196,0.0,551932_M_WT_s1h1
1,1,177,201,41.0,1,1,1,201.333,228.633,0.0,551932_M_WT_s1h1
1,1,190,732,150.0,1,1,1,216.121,832.632,0.0,551932_M_WT_s1h1
1,1,21,426,30.0,1,1,1,23.887,484.564,0.0,551932_M_WT_s1h1
1,1,15,53,70.0,1,1,1,17.062,60.286,0.0,551932_M_WT_s1h1
1,1,65,783,5.0,1,1,1,73.936,890.643,0.0,551932_M_WT_s1h1
1,1,7,724,43.0,1,1,1,7.962,823.532,0.0,551932_M_WT_s1h1
1,1,4,394,103.0,1,1,1,4.55,448.165,0.0,551932_M_WT_s1h1
2,1,75,711,23.0,1,1,1,85.311,808.745,0.0,551932_M_WT_s1h1
2,1,189,736,140.0,1,1,1,214.983,837.182,0.0,551932_M_WT_s1h1
2,1,64,781,40.0,1,1,1,72.798,888.368,0.0,551932_M_WT_s1h1
2,1,8,725,87.0,1,1,1,9.1,824.67,0.0,551932_M_WT_s1h1
2,1,103,374,77.0,1,1,1,117.16,425.416,0.0,551932_M_WT_s1h1
2,1,19,426,15.0,1,1,1,21.612,484.564,0.0,551932_M_WT_s1h1
2,1,3,396,55.0,1,1,1,3.412,450.44,0.0,551932_M_WT_s1h1
2,1,21,285,89.0,1,1,1,23.887,324.18,0.0,551932_M_WT_s1h1
2,1,141,255,80.0,1,1,1,160.384,290.056,0.0,551932_M_WT_s1h1
2,1,103,558,117.0,1,1,1,117.16,634.711,0.0,551932_M_WT_s1h1
1,1,48,28,51.0,1,1,1,54.599,31.849,0.0,551932_M_WT_s1h2
1,1,48,82,87.0,1,1,1,54.599,93.273,0.0,551932_M_WT_s1h2
1,1,68,178,88.0,1,1,1,77.348,202.471,0.0,551932_M_WT_s1h2
1,1,97,241,114.0,1,1,1,110.335,274.132,0.0,551932_M_WT_s1h2
1,1,144,263,50.0,1,1,1,163.797,299.156,0.0,551932_M_WT_s1h2
1,1,83,333,35.0,1,1,1,94.411,378.78,0.0,551932_M_WT_s1h2
1,1,102,381,77.0,1,1,1,116.023,433.379,0.0,551932_M_WT_s1h2
1,1,127,514,78.0,1,1,1,144.46,584.663,0.0,551932_M_WT_s1h2
1,1,183,335,44.0,1,1,1,208.158,381.055,0.0,551932_M_WT_s1h2
1,1,21,582,82.0,1,1,1,23.887,662.011,0.0,551932_M_WT_s1h2
1,1,47,641,88.0,1,1,1,53.461,729.122,0.0,551932_M_WT_s1h2
1,1,103,639,7.0,1,1,1,117.16,726.848,0.0,551932_M_WT_s1h2
1,1,32,500,15.0,1,1,1,36.399,568.738,0.0,551932_M_WT_s1h2
1,1,43,150,71.0,1,1,1,48.911,170.621,0.0,551932_M_WT_s1h2
1,1,158,96,108.0,1,1,1,179.721,109.198,0.0,551932_M_WT_s1h2
2,1,47,81,148.0,1,1,1,53.461,92.136,0.0,551932_M_WT_s1h2
2,1,144,263,50.0,1,1,1,163.797,299.156,0.0,551932_M_WT_s1h2
2,1,184,334,36.0,1,1,1,209.296,379.917,0.0,551932_M_WT_s1h2
2,1,127,511,9.0,1,1,1,144.46,581.251,0.0,551932_M_WT_s1h2
2,1,31,500,11.0,1,1,1,35.262,568.738,0.0,551932_M_WT_s1h2
2,1,17,581,8.0,1,1,1,19.337,660.874,0.0,551932_M_WT_s1h2
2,1,47,641,88.0,1,1,1,53.461,729.122,0.0,551932_M_WT_s1h2
2,1,104,638,10.0,1,1,1,118.298,725.71,0.0,551932_M_WT_s1h2
2,1,105,380,30.0,1,1,1,119.435,432.241,0.0,551932_M_WT_s1h2
1,1,59,86,67.0,1,1,1,67.111,97.823,0.0,551932_M_WT_s2h1
1,1,143,121,9.0,1,1,1,162.659,137.635,0.0,551932_M_WT_s2h1
1,1,99,291,85.0,1,1,1,112.61,331.006,0.0,551932_M_WT_s2h1
1,1,177,301,116.0,1,1,1,201.333,342.38,0.0,551932_M_WT_s2h1
1,1,84,390,32.0,1,1,1,95.548,443.616,0.0,551932_M_WT_s2h1
1,1,129,472,43.0,1,1,1,146.734,536.889,0.0,551932_M_WT_s2h1
1,1,185,472,77.0,1,1,1,210.433,536.889,0.0,551932_M_WT_s2h1
1,1,104,632,65.0,1,1,1,118.298,718.885,0.0,551932_M_WT_s2h1
1,1,168,625,98.0,1,1,1,191.096,710.923,0.0,551932_M_WT_s2h1
1,1,184,588,111.0,1,1,1,209.296,668.836,0.0,551932_M_WT_s2h1
1,1,30,413,130.0,1,1,1,34.124,469.778,0.0,551932_M_WT_s2h1
1,1,97,71,147.0,1,1,1,110.335,80.761,0.0,551932_M_WT_s2h1
2,1,85,388,28.0,1,1,1,96.686,441.341,0.0,551932_M_WT_s2h1
2,1,129,472,43.0,1,1,1,146.734,536.889,0.0,551932_M_WT_s2h1
2,1,103,632,10.0,1,1,1,117.16,718.885,0.0,551932_M_WT_s2h1
2,1,168,625,98.0,1,1,1,191.096,710.923,0.0,551932_M_WT_s2h1
2,1,183,588,124.0,1,1,1,208.158,668.836,0.0,551932_M_WT_s2h1
2,1,60,86,69.0,1,1,1,68.249,97.823,0.0,551932_M_WT_s2h1
2,1,29,414,87.0,1,1,1,32.987,470.915,0.0,551932_M_WT_s2h1
2,1,143,122,7.0,1,1,1,162.659,138.772,0.0,551932_M_WT_s2h1
1,1,16,143,17.0,1,1,1,18.2,162.659,0.0,551933_M_KO_s1h1
1,1,101,109,61.0,1,1,1,114.885,123.985,0.0,551933_M_KO_s1h1
1,1,183,93,51.0,1,1,1,208.158,105.785,0.0,551933_M_KO_s1h1
1,1,110,310,50.0,1,1,1,125.122,352.618,0.0,551933_M_KO_s1h1
1,1,70,253,73.0,1,1,1,79.623,287.782,0.0,551933_M_KO_s1h1
1,1,140,398,76.0,1,1,1,159.247,452.716,0.0,551933_M_KO_s1h1
1,1,168,469,107.0,1,1,1,191.096,533.477,0.0,551933_M_KO_s1h1
1,1,18,481,73.0,1,1,1,20.475,547.126,0.0,551933_M_KO_s1h1
1,1,86,575,47.0,1,1,1,97.823,654.049,0.0,551933_M_KO_s1h1
1,1,120,175,23.0,1,1,1,136.497,199.058,0.0,551933_M_KO_s1h1
1,1,121,428,27.0,1,1,1,137.635,486.84,0.0,551933_M_KO_s1h1
2,1,112,309,26.0,1,1,1,127.397,351.48,0.0,551933_M_KO_s1h1
2,1,18,478,6.0,1,1,1,20.475,543.714,0.0,551933_M_KO_s1h1
2,1,86,573,56.0,1,1,1,97.823,651.774,0.0,551933_M_KO_s1h1
2,1,141,396,49.0,1,1,1,160.384,450.441,0.0,551933_M_KO_s1h1
2,1,120,428,33.0,1,1,1,136.497,486.84,0.0,551933_M_KO_s1h1
1,1,121,52,90.0,1,1,1,137.635,59.149,0.0,551933_M_KO_s1h2
1,1,42,21,70.0,1,1,1,47.774,23.887,0.0,551933_M_KO_s1h2
1,1,78,287,40.0,1,1,1,88.723,326.456,0.0,551933_M_KO_s1h2
1,1,5,242,70.0,1,1,1,5.687,275.269,0.0,551933_M_KO_s1h2
1,1,29,240,79.0,1,1,1,32.987,272.994,0.0,551933_M_KO_s1h2
1,1,163,397,33.0,1,1,1,185.409,451.578,0.0,551933_M_KO_s1h2
1,1,112,473,46.0,1,1,1,127.397,538.026,0.0,551933_M_KO_s1h2
1,1,73,573,88.0,1,1,1,83.036,651.774,0.0,551933_M_KO_s1h2
1,1,45,525,117.0,1,1,1,51.186,597.175,0.0,551933_M_KO_s1h2
1,1,194,544,66.0,1,1,1,220.67,618.787,0.0,551933_M_KO_s1h2
1,1,8,607,103.0,1,1,1,9.1,690.448,0.0,551933_M_KO_s1h2
1,1,156,80,73.0,1,1,1,177.446,90.998,0.0,551933_M_KO_s1h2
1,1,6,470,31.0,1,1,1,6.825,534.614,0.0,551933_M_KO_s1h2
2,1,74,571,169.0,1,1,1,84.173,649.499,0.0,551933_M_KO_s1h2
2,1,8,608,53.0,1,1,1,9.1,691.586,0.0,551933_M_KO_s1h2
2,1,112,473,46.0,1,1,1,127.397,538.026,0.0,551933_M_KO_s1h2
2,1,7,241,43.0,1,1,1,7.962,274.132,0.0,551933_M_KO_s1h2
2,1,5,471,24.0,1,1,1,5.687,535.751,0.0,551933_M_KO_s1h2
1,1,178,186,67.0,1,1,1,202.471,211.571,0.0,551933_M_KO_s2h2
1,1,181,247,109.0,1,1,1,205.883,280.957,0.0,551933_M_KO_s2h2
1,1,191,299,68.0,1,1,1,217.258,340.105,0.0,551933_M_KO_s2h2
1,1,144,656,75.0,1,1,1,163.797,746.185,0.0,551933_M_KO_s2h2
1,1,38,663,124.0,1,1,1,43.224,754.147,0.0,551933_M_KO_s2h2
1,1,137,476,138.0,1,1,1,155.834,541.439,0.0,551933_M_KO_s2h2
1,1,73,594,116.0,1,1,1,83.036,675.661,0.0,551933_M_KO_s2h2
1,1,131,183,196.0,1,1,1,149.009,208.158,0.0,551933_M_KO_s2h2
1,1,167,147,46.0,1,1,1,189.959,167.209,0.0,551933_M_KO_s2h2
1,1,69,94,137.0,1,1,1,78.486,106.923,0.0,551933_M_KO_s2h2
1,1,116,81,81.0,1,1,1,131.947,92.136,0.0,551933_M_KO_s2h2
1,1,174,637,95.0,1,1,1,197.921,724.573,0.0,551933_M_KO_s2h2
1,1,153,602,98.0,1,1,1,174.034,684.761,0.0,551933_M_KO_s2h2
1,1,194,591,125.0,1,1,1,220.67,672.249,0.0,551933_M_KO_s2h2
2,1,116,80,62.0,1,1,1,131.947,90.998,0.0,551933_M_KO_s2h2
2,1,70,94,121.0,1,1,1,79.623,106.923,0.0,551933_M_KO_s2h2
2,1,181,247,109.0,1,1,1,205.883,280.957,0.0,551933_M_KO_s2h2
2,1,190,298,59.0,1,1,1,216.121,338.968,0.0,551933_M_KO_s2h2
2,1,136,474,116.0,1,1,1,154.697,539.164,0.0,551933_M_KO_s2h2
2,1,153,602,98.0,1,1,1,174.034,684.761,0.0,551933_M_KO_s2h2
2,1,36,663,23.0,1,1,1,40.949,754.147,0.0,551933_M_KO_s2h2
2,1,192,593,102.0,1,1,1,218.395,674.524,0.0,551933_M_KO_s2h2
2,1,73,593,101.0,1,1,1,83.036,674.524,0.0,551933_M_KO_s2h2
2,1,146,656,59.0,1,1,1,166.072,746.185,0.0,551933_M_KO_s2h2
1,1,21,70,159.0,1,1,1,23.887,79.623,0.0,551935_M_KO_s1h1
1,1,7,115,161.0,1,1,1,7.962,130.81,0.0,551935_M_KO_s1h1
1,1,44,106,100.0,1,1,1,50.049,120.573,0.0,551935_M_KO_s1h1
1,1,78,261,75.0,1,1,1,88.723,296.881,0.0,551935_M_KO_s1h1
1,1,31,479,63.0,1,1,1,35.262,544.851,0.0,551935_M_KO_s1h1
1,1,14,661,87.0,1,1,1,15.925,751.872,0.0,551935_M_KO_s1h1
1,1,53,735,203.0,1,1,1,60.286,836.045,0.0,551935_M_KO_s1h1
1,1,52,616,61.0,1,1,1,59.149,700.686,0.0,551935_M_KO_s1h1
1,1,180,681,140.0,1,1,1,204.746,774.622,0.0,551935_M_KO_s1h1
1,1,198,514,78.0,1,1,1,225.22,584.663,0.0,551935_M_KO_s1h1
1,1,106,420,32.0,1,1,1,120.573,477.74,0.0,551935_M_KO_s1h1
1,1,132,31,24.0,1,1,1,150.147,35.262,0.0,551935_M_KO_s1h1
1,1,108,69,23.0,1,1,1,122.847,78.486,0.0,551935_M_KO_s1h1
2,1,54,736,89.0,1,1,1,61.424,837.183,0.0,551935_M_KO_s1h1
2,1,180,680,114.0,1,1,1,204.746,773.484,0.0,551935_M_KO_s1h1
2,1,17,662,83.0,1,1,1,19.337,753.009,0.0,551935_M_KO_s1h1
2,1,196,513,65.0,1,1,1,222.945,583.525,0.0,551935_M_KO_s1h1
1,1,25,316,113.0,1,1,1,28.437,359.443,0.0,551935_M_KO_s1h2
1,1,102,331,36.0,1,1,1,116.023,376.505,0.0,551935_M_KO_s1h2
1,1,167,336,96.0,1,1,1,189.959,382.192,0.0,551935_M_KO_s1h2
1,1,182,316,115.0,1,1,1,207.021,359.443,0.0,551935_M_KO_s1h2
1,1,90,390,127.0,1,1,1,102.373,443.616,0.0,551935_M_KO_s1h2
1,1,162,506,19.0,1,1,1,184.271,575.563,0.0,551935_M_KO_s1h2
1,1,185,565,12.0,1,1,1,210.433,642.674,0.0,551935_M_KO_s1h2
1,1,51,720,79.0,1,1,1,58.011,818.983,0.0,551935_M_KO_s1h2
1,1,95,634,58.0,1,1,1,108.06,721.16,0.0,551935_M_KO_s1h2
1,1,34,547,59.0,1,1,1,38.674,622.2,0.0,551935_M_KO_s1h2
1,1,77,557,192.0,1,1,1,87.586,633.574,0.0,551935_M_KO_s1h2
1,1,46,362,96.0,1,1,1,52.324,411.767,0.0,551935_M_KO_s1h2
1,1,41,455,48.0,1,1,1,46.637,517.552,0.0,551935_M_KO_s1h2
1,1,46,148,54.0,1,1,1,52.324,168.347,0.0,551935_M_KO_s1h2
1,1,48,620,22.0,1,1,1,54.599,705.235,0.0,551935_M_KO_s1h2
1,1,58,247,110.0,1,1,1,65.974,280.957,0.0,551935_M_KO_s1h2
1,1,98,64,15.0,1,1,1,111.473,72.798,0.0,551935_M_KO_s1h2
2,1,47,363,100.0,1,1,1,53.461,412.904,0.0,551935_M_KO_s1h2
2,1,105,333,51.0,1,1,1,119.435,378.78,0.0,551935_M_KO_s1h2
2,1,90,391,102.0,1,1,1,102.373,444.753,0.0,551935_M_KO_s1h2
2,1,167,337,74.0,1,1,1,189.959,383.33,0.0,551935_M_KO_s1h2
2,1,33,548,57.0,1,1,1,37.537,623.337,0.0,551935_M_KO_s1h2
2,1,51,721,58.0,1,1,1,58.011,820.121,0.0,551935_M_KO_s1h2
2,1,99,635,113.0,1,1,1,112.61,722.298,0.0,551935_M_KO_s1h2
2,1,48,620,22.0,1,1,1,54.599,705.235,0.0,551935_M_KO_s1h2
2,1,188,564,9.0,1,1,1,213.846,641.537,0.0,551935_M_KO_s1h2
2,1,78,557,190.0,1,1,1,88.723,633.574,0.0,551935_M_KO_s1h2
2,1,165,507,61.0,1,1,1,187.684,576.701,0.0,551935_M_KO_s1h2
2,1,41,453,47.0,1,1,1,46.637,515.277,0.0,551935_M_KO_s1h2
1,1,36,48,38.0,1,1,1,40.949,54.599,0.0,551935_M_KO_s2h1
1,1,45,50,91.0,1,1,1,51.186,56.874,0.0,551935_M_KO_s2h1
1,1,75,144,25.0,1,1,1,85.311,163.797,0.0,551935_M_KO_s2h1
1,1,72,228,198.0,1,1,1,81.898,259.345,0.0,551935_M_KO_s2h1
1,1,32,274,60.0,1,1,1,36.399,311.669,0.0,551935_M_KO_s2h1
1,1,124,206,16.0,1,1,1,141.047,234.32,0.0,551935_M_KO_s2h1
1,1,31,503,31.0,1,1,1,35.262,572.151,0.0,551935_M_KO_s2h1
1,1,84,504,122.0,1,1,1,95.548,573.288,0.0,551935_M_KO_s2h1
1,1,63,382,132.0,1,1,1,71.661,434.516,0.0,551935_M_KO_s2h1
1,1,145,546,13.0,1,1,1,164.934,621.062,0.0,551935_M_KO_s2h1
1,1,199,448,74.0,1,1,1,226.358,509.589,0.0,551935_M_KO_s2h1
1,1,4,406,19.0,1,1,1,4.55,461.815,0.0,551935_M_KO_s2h1
1,1,36,204,22.0,1,1,1,40.949,232.045,0.0,551935_M_KO_s2h1
1,1,174,175,157.0,1,1,1,197.921,199.058,0.0,551935_M_KO_s2h1
1,1,171,54,6.0,1,1,1,194.508,61.424,0.0,551935_M_KO_s2h1
1,1,58,631,18.0,1,1,1,65.974,717.748,0.0,551935_M_KO_s2h1
1,1,70,657,102.0,1,1,1,79.623,747.322,0.0,551935_M_KO_s2h1
2,1,56,631,36.0,1,1,1,63.699,717.748,0.0,551935_M_KO_s2h1
2,1,74,657,13.0,1,1,1,84.173,747.322,0.0,551935_M_KO_s2h1
2,1,147,545,54.0,1,1,1,167.209,619.925,0.0,551935_M_KO_s2h1
2,1,32,273,44.0,1,1,1,36.399,310.531,0.0,551935_M_KO_s2h1
2,1,9,404,12.0,1,1,1,10.237,459.541,0.0,551935_M_KO_s2h1
2,1,64,379,90.0,1,1,1,72.798,431.104,0.0,551935_M_KO_s2h1
1,1,153,62,59.0,1,1,1,174.034,70.524,0.0,551937_F_WT_s1h1
1,1,115,100,73.0,1,1,1,130.81,113.748,0.0,551937_F_WT_s1h1
1,1,79,294,87.0,1,1,1,89.861,334.418,0.0,551937_F_WT_s1h1
1,1,152,411,8.0,1,1,1,172.896,467.503,0.0,551937_F_WT_s1h1
1,1,55,501,89.0,1,1,1,62.561,569.876,0.0,551937_F_WT_s1h1
1,1,69,581,59.0,1,1,1,78.486,660.874,0.0,551937_F_WT_s1h1
1,1,75,686,76.0,1,1,1,85.311,780.309,0.0,551937_F_WT_s1h1
1,1,188,690,47.0,1,1,1,213.846,784.859,0.0,551937_F_WT_s1h1
1,1,9,67,10.0,1,1,1,10.237,76.211,0.0,551937_F_WT_s1h1
1,1,115,363,133.0,1,1,1,130.81,412.904,0.0,551937_F_WT_s1h1
2,1,152,412,8.0,1,1,1,172.896,468.64,0.0,551937_F_WT_s1h1
2,1,55,501,89.0,1,1,1,62.561,569.876,0.0,551937_F_WT_s1h1
2,1,74,684,158.0,1,1,1,84.173,778.034,0.0,551937_F_WT_s1h1
2,1,190,688,9.0,1,1,1,216.121,782.584,0.0,551937_F_WT_s1h1
1,1,134,114,88.0,1,1,1,152.422,129.672,0.0,551937_F_WT_s1h2
1,1,178,77,100.0,1,1,1,202.471,87.586,0.0,551937_F_WT_s1h2
1,1,27,273,70.0,1,1,1,30.712,310.531,0.0,551937_F_WT_s1h2
1,1,52,251,11.0,1,1,1,59.149,285.507,0.0,551937_F_WT_s1h2
1,1,110,323,80.0,1,1,1,125.122,367.405,0.0,551937_F_WT_s1h2
1,1,150,340,27.0,1,1,1,170.621,386.742,0.0,551937_F_WT_s1h2
1,1,110,391,72.0,1,1,1,125.122,444.753,0.0,551937_F_WT_s1h2
1,1,58,426,68.0,1,1,1,65.974,484.565,0.0,551937_F_WT_s1h2
1,1,20,551,92.0,1,1,1,22.75,626.75,0.0,551937_F_WT_s1h2
1,1,74,618,81.0,1,1,1,84.173,702.961,0.0,551937_F_WT_s1h2
1,1,49,698,46.0,1,1,1,55.736,793.959,0.0,551937_F_WT_s1h2
1,1,117,665,47.0,1,1,1,133.085,756.422,0.0,551937_F_WT_s1h2
1,1,57,727,55.0,1,1,1,64.836,826.945,0.0,551937_F_WT_s1h2
1,1,133,431,51.0,1,1,1,151.284,490.252,0.0,551937_F_WT_s1h2
1,1,74,429,63.0,1,1,1,84.173,487.977,0.0,551937_F_WT_s1h2
1,1,66,564,155.0,1,1,1,75.073,641.537,0.0,551937_F_WT_s1h2
2,1,150,340,27.0,1,1,1,170.621,386.742,0.0,551937_F_WT_s1h2
2,1,65,564,61.0,1,1,1,73.936,641.537,0.0,551937_F_WT_s1h2
2,1,74,619,83.0,1,1,1,84.173,704.098,0.0,551937_F_WT_s1h2
2,1,50,699,75.0,1,1,1,56.874,795.096,0.0,551937_F_WT_s1h2
2,1,60,728,24.0,1,1,1,68.249,828.083,0.0,551937_F_WT_s1h2
2,1,116,665,84.0,1,1,1,131.947,756.422,0.0,551937_F_WT_s1h2
1,1,85,29,120.0,1,1,1,96.686,32.987,0.0,551937_F_WT_s2h1
1,1,78,99,47.0,1,1,1,88.723,112.61,0.0,551937_F_WT_s2h1
1,1,46,163,90.0,1,1,1,52.324,185.409,0.0,551937_F_WT_s2h1
1,1,42,256,151.0,1,1,1,47.774,291.194,0.0,551937_F_WT_s2h1
1,1,79,285,168.0,1,1,1,89.861,324.181,0.0,551937_F_WT_s2h1
1,1,134,190,66.0,1,1,1,152.422,216.121,0.0,551937_F_WT_s2h1
1,1,147,591,118.0,1,1,1,167.209,672.249,0.0,551937_F_WT_s2h1
1,1,162,444,129.0,1,1,1,184.271,505.04,0.0,551937_F_WT_s2h1
1,1,60,292,122.0,1,1,1,68.249,332.143,0.0,551937_F_WT_s2h1
1,1,131,93,28.0,1,1,1,149.009,105.785,0.0,551937_F_WT_s2h1
1,1,198,266,27.0,1,1,1,225.22,302.569,0.0,551937_F_WT_s2h1
1,1,122,515,24.0,1,1,1,138.772,585.8,0.0,551937_F_WT_s2h1
2,1,123,514,20.0,1,1,1,139.91,584.663,0.0,551937_F_WT_s2h1
2,1,166,446,23.0,1,1,1,188.821,507.315,0.0,551937_F_WT_s2h1
2,1,149,592,31.0,1,1,1,169.484,673.386,0.0,551937_F_WT_s2h1
2,1,199,266,57.0,1,1,1,226.358,302.569,0.0,551937_F_WT_s2h1
1,1,68,80,59.0,1,1,1,77.348,90.998,0.0,551941_F_KO_s1h1csv
1,1,160,58,29.0,1,1,1,181.996,65.974,0.0,551941_F_KO_s1h1csv
1,1,132,93,72.0,1,1,1,150.147,105.785,0.0,551941_F_KO_s1h1csv
1,1,102,198,62.0,1,1,1,116.023,225.22,0.0,551941_F_KO_s1h1csv
1,1,148,271,41.0,1,1,1,168.347,308.256,0.0,551941_F_KO_s1h1csv
1,1,91,340,78.0,1,1,1,103.51,386.742,0.0,551941_F_KO_s1h1csv
1,1,160,435,48.0,1,1,1,181.996,494.802,0.0,551941_F_KO_s1h1csv
1,1,40,409,45.0,1,1,1,45.499,465.228,0.0,551941_F_KO_s1h1csv
1,1,58,562,53.0,1,1,1,65.974,639.262,0.0,551941_F_KO_s1h1csv
1,1,184,745,41.0,1,1,1,209.296,847.42,0.0,551941_F_KO_s1h1csv
1,1,12,727,79.0,1,1,1,13.65,826.945,0.0,551941_F_KO_s1h1csv
1,1,154,320,13.0,1,1,1,175.171,363.992,0.0,551941_F_KO_s1h1csv
1,1,184,352,152.0,1,1,1,209.296,400.392,0.0,551941_F_KO_s1h1csv
1,1,168,184,59.0,1,1,1,191.096,209.296,0.0,551941_F_KO_s1h1csv
1,1,154,710,139.0,1,1,1,175.171,807.608,0.0,551941_F_KO_s1h1csv
1,1,74,660,62.0,1,1,1,84.173,750.735,0.0,551941_F_KO_s1h1csv
1,1,41,499,82.0,1,1,1,46.637,567.601,0.0,551941_F_KO_s1h1csv
1,1,165,173,59.0,1,1,1,187.684,196.783,0.0,551941_F_KO_s1h1csv
2,1,42,497,10.0,1,1,1,47.774,565.326,0.0,551941_F_KO_s1h1csv
2,1,76,658,64.0,1,1,1,86.448,748.46,0.0,551941_F_KO_s1h1csv
2,1,12,728,81.0,1,1,1,13.65,828.083,0.0,551941_F_KO_s1h1csv
2,1,159,435,65.0,1,1,1,180.859,494.802,0.0,551941_F_KO_s1h1csv
2,1,59,563,67.0,1,1,1,67.111,640.399,0.0,551941_F_KO_s1h1csv
2,1,154,709,51.0,1,1,1,175.171,806.471,0.0,551941_F_KO_s1h1csv
2,1,184,352,152.0,1,1,1,209.296,400.392,0.0,551941_F_KO_s1h1csv
2,1,153,317,158.0,1,1,1,174.034,360.58,0.0,551941_F_KO_s1h1csv
2,1,92,337,58.0,1,1,1,104.648,383.33,0.0,551941_F_KO_s1h1csv
1,1,22,219,147.0,1,1,1,25.15,250.358,0.0,551941_F_KO_s1h2
1,1,22,291,142.0,1,1,1,25.15,332.667,0.0,551941_F_KO_s1h2
1,1,76,331,106.0,1,1,1,86.882,378.394,0.0,551941_F_KO_s1h2
1,1,130,259,69.0,1,1,1,148.614,296.085,0.0,551941_F_KO_s1h2
1,1,110,268,80.0,1,1,1,125.75,306.374,0.0,551941_F_KO_s1h2
1,1,137,315,31.0,1,1,1,156.616,360.103,0.0,551941_F_KO_s1h2
1,1,134,193,119.0,1,1,1,153.187,220.635,0.0,551941_F_KO_s1h2
1,1,82,533,96.0,1,1,1,93.741,609.318,0.0,551941_F_KO_s1h2
1,1,53,506,65.0,1,1,1,60.589,578.452,0.0,551941_F_KO_s1h2
1,1,31,544,77.0,1,1,1,35.439,621.893,0.0,551941_F_KO_s1h2
1,1,63,604,90.0,1,1,1,72.021,690.484,0.0,551941_F_KO_s1h2
1,1,34,717,57.0,1,1,1,38.868,819.664,0.0,551941_F_KO_s1h2
1,1,147,373,112.0,1,1,1,168.048,426.408,0.0,551941_F_KO_s1h2
1,1,169,415,147.0,1,1,1,193.198,474.422,0.0,551941_F_KO_s1h2
1,1,53,374,114.0,1,1,1,60.589,427.551,0.0,551941_F_KO_s1h2
1,1,96,487,100.0,1,1,1,109.746,556.731,0.0,551941_F_KO_s1h2
1,1,64,428,85.0,1,1,1,73.164,489.283,0.0,551941_F_KO_s1h2
1,1,181,223,37.0,1,1,1,206.916,254.93,0.0,551941_F_KO_s1h2
1,1,170,561,64.0,1,1,1,194.341,641.327,0.0,551941_F_KO_s1h2
2,1,82,534,87.0,1,1,1,93.741,610.461,0.0,551941_F_KO_s1h2
2,1,31,545,77.0,1,1,1,35.439,623.036,0.0,551941_F_KO_s1h2
2,1,169,561,132.0,1,1,1,193.198,641.327,0.0,551941_F_KO_s1h2
2,1,148,373,135.0,1,1,1,169.191,426.408,0.0,551941_F_KO_s1h2
2,1,169,415,147.0,1,1,1,193.198,474.422,0.0,551941_F_KO_s1h2
2,1,136,314,110.0,1,1,1,155.473,358.96,0.0,551941_F_KO_s1h2
2,1,95,486,59.0,1,1,1,108.603,555.588,0.0,551941_F_KO_s1h2
2,1,65,428,75.0,1,1,1,74.307,489.283,0.0,551941_F_KO_s1h2
2,1,22,292,123.0,1,1,1,25.15,333.81,0.0,551941_F_KO_s1h2
2,1,64,604,112.0,1,1,1,73.164,690.484,0.0,551941_F_KO_s1h2
1,1,152,109,60.0,1,1,1,173.764,124.607,0.0,551941_F_KO_s2h2
1,1,130,122,41.0,1,1,1,148.614,139.469,0.0,551941_F_KO_s2h2
1,1,124,227,137.0,1,1,1,141.755,259.503,0.0,551941_F_KO_s2h2
1,1,38,274,120.0,1,1,1,43.441,313.233,0.0,551941_F_KO_s2h2
1,1,41,357,19.0,1,1,1,46.871,408.117,0.0,551941_F_KO_s2h2
1,1,122,386,180.0,1,1,1,139.469,441.269,0.0,551941_F_KO_s2h2
1,1,57,468,76.0,1,1,1,65.162,535.011,0.0,551941_F_KO_s2h2
1,1,159,551,152.0,1,1,1,181.766,629.895,0.0,551941_F_KO_s2h2
1,1,175,533,14.0,1,1,1,200.057,609.318,0.0,551941_F_KO_s2h2
1,1,48,724,141.0,1,1,1,54.873,827.666,0.0,551941_F_KO_s2h2
1,1,144,668,24.0,1,1,1,164.619,763.648,0.0,551941_F_KO_s2h2
1,1,110,758,29.0,1,1,1,125.75,866.534,0.0,551941_F_KO_s2h2
1,1,16,564,33.0,1,1,1,18.291,644.756,0.0,551941_F_KO_s2h2
1,1,56,600,106.0,1,1,1,64.018,685.911,0.0,551941_F_KO_s2h2
1,1,194,735,88.0,1,1,1,221.778,840.241,0.0,551941_F_KO_s2h2
1,1,104,820,65.0,1,1,1,118.891,937.412,0.0,551941_F_KO_s2h2
2,1,18,562,41.0,1,1,1,20.577,642.47,0.0,551941_F_KO_s2h2
2,1,49,724,121.0,1,1,1,56.016,827.666,0.0,551941_F_KO_s2h2
2,1,104,818,15.0,1,1,1,118.891,935.125,0.0,551941_F_KO_s2h2
2,1,176,532,14.0,1,1,1,201.201,608.174,0.0,551941_F_KO_s2h2
2,1,56,468,77.0,1,1,1,64.018,535.011,0.0,551941_F_KO_s2h2
2,1,157,551,96.0,1,1,1,179.48,629.895,0.0,551941_F_KO_s2h2
2,1,55,600,66.0,1,1,1,62.875,685.911,0.0,551941_F_KO_s2h2
1,1,85,137,10.0,1,1,1,96.686,155.834,0.0,551943_F_WT_s1h1
1,1,40,166,182.0,1,1,1,45.499,188.821,0.0,551943_F_WT_s1h1
1,1,184,167,13.0,1,1,1,209.296,189.959,0.0,551943_F_WT_s1h1
1,1,55,280,59.0,1,1,1,62.561,318.493,0.0,551943_F_WT_s1h1
1,1,89,389,127.0,1,1,1,101.235,442.478,0.0,551943_F_WT_s1h1
1,1,90,397,137.0,1,1,1,102.373,451.578,0.0,551943_F_WT_s1h1
1,1,51,634,69.0,1,1,1,58.011,721.16,0.0,551943_F_WT_s1h1
1,1,187,692,75.0,1,1,1,212.708,787.134,0.0,551943_F_WT_s1h1
1,1,80,490,26.0,1,1,1,90.998,557.364,0.0,551943_F_WT_s1h1
1,1,186,506,30.0,1,1,1,211.571,575.563,0.0,551943_F_WT_s1h1
1,1,141,320,81.0,1,1,1,160.384,363.992,0.0,551943_F_WT_s1h1
1,1,153,101,135.0,1,1,1,174.034,114.885,0.0,551943_F_WT_s1h1
1,1,25,265,74.0,1,1,1,28.437,301.431,0.0,551943_F_WT_s1h1
1,1,2,246,13.0,1,1,1,2.275,279.819,0.0,551943_F_WT_s1h1
2,1,143,319,10.0,1,1,1,162.659,362.855,0.0,551943_F_WT_s1h1
2,1,88,388,138.0,1,1,1,100.098,441.341,0.0,551943_F_WT_s1h1
2,1,91,398,99.0,1,1,1,103.51,452.716,0.0,551943_F_WT_s1h1
2,1,189,690,52.0,1,1,1,214.983,784.859,0.0,551943_F_WT_s1h1
2,1,55,281,72.0,1,1,1,62.561,319.631,0.0,551943_F_WT_s1h1
2,1,0,245,7.0,1,1,1,0.0,278.682,0.0,551943_F_WT_s1h1
1,1,113,73,88.0,1,1,1,128.535,83.036,0.0,551943_F_WT_s1h2
1,1,53,51,52.0,1,1,1,60.286,58.011,0.0,551943_F_WT_s1h2
1,1,99,209,40.0,1,1,1,112.61,237.732,0.0,551943_F_WT_s1h2
1,1,109,175,22.0,1,1,1,123.985,199.058,0.0,551943_F_WT_s1h2
1,1,6,155,122.0,1,1,1,6.825,176.309,0.0,551943_F_WT_s1h2
1,1,96,123,73.0,1,1,1,109.198,139.909,0.0,551943_F_WT_s1h2
1,1,103,486,9.0,1,1,1,117.16,552.813,0.0,551943_F_WT_s1h2
1,1,102,450,122.0,1,1,1,116.023,511.864,0.0,551943_F_WT_s1h2
1,1,75,617,78.0,1,1,1,85.311,701.822,0.0,551943_F_WT_s1h2
1,1,53,638,12.0,1,1,1,60.286,725.709,0.0,551943_F_WT_s1h2
1,1,33,677,60.0,1,1,1,37.537,770.071,0.0,551943_F_WT_s1h2
1,1,104,654,7.0,1,1,1,118.298,743.909,0.0,551943_F_WT_s1h2
1,1,49,429,65.0,1,1,1,55.736,487.977,0.0,551943_F_WT_s1h2
1,1,110,287,69.0,1,1,1,125.122,326.455,0.0,551943_F_WT_s1h2
1,1,142,221,13.0,1,1,1,161.522,251.382,0.0,551943_F_WT_s1h2
1,1,12,204,68.0,1,1,1,13.65,232.045,0.0,551943_F_WT_s1h2
1,1,40,566,108.0,1,1,1,45.499,643.811,0.0,551943_F_WT_s1h2
2,1,53,636,113.0,1,1,1,60.286,723.434,0.0,551943_F_WT_s1h2
2,1,104,653,7.0,1,1,1,118.298,742.771,0.0,551943_F_WT_s1h2
2,1,49,429,65.0,1,1,1,55.736,487.977,0.0,551943_F_WT_s1h2
2,1,40,566,108.0,1,1,1,45.499,643.811,0.0,551943_F_WT_s1h2
2,1,103,484,11.0,1,1,1,117.16,550.538,0.0,551943_F_WT_s1h2
2,1,96,122,79.0,1,1,1,109.198,138.772,0.0,551943_F_WT_s1h2
1,1,15,26,129.0,1,1,1,17.062,29.574,0.0,551943_F_WT_s2h1
1,1,137,49,100.0,1,1,1,155.834,55.736,0.0,551943_F_WT_s2h1
1,1,78,42,35.0,1,1,1,88.723,47.774,0.0,551943_F_WT_s2h1
1,1,30,90,224.0,1,1,1,34.124,102.373,0.0,551943_F_WT_s2h1
1,1,24,137,90.0,1,1,1,27.299,155.834,0.0,551943_F_WT_s2h1
1,1,153,168,70.0,1,1,1,174.034,191.096,0.0,551943_F_WT_s2h1
1,1,101,283,58.0,1,1,1,114.885,321.906,0.0,551943_F_WT_s2h1
1,1,17,402,55.0,1,1,1,19.337,457.266,0.0,551943_F_WT_s2h1
1,1,153,602,86.0,1,1,1,174.034,684.761,0.0,551943_F_WT_s2h1
1,1,56,781,27.0,1,1,1,63.699,888.369,0.0,551943_F_WT_s2h1
1,1,69,814,39.0,1,1,1,78.486,925.906,0.0,551943_F_WT_s2h1
1,1,150,772,63.0,1,1,1,170.621,878.132,0.0,551943_F_WT_s2h1
1,1,57,613,36.0,1,1,1,64.836,697.273,0.0,551943_F_WT_s2h1
1,1,105,190,14.0,1,1,1,119.435,216.121,0.0,551943_F_WT_s2h1
1,1,188,539,117.0,1,1,1,213.846,613.1,0.0,551943_F_WT_s2h1
1,1,93,727,39.0,1,1,1,105.785,826.945,0.0,551943_F_WT_s2h1
2,1,101,282,57.0,1,1,1,114.885,320.768,0.0,551943_F_WT_s2h1
2,1,17,401,44.0,1,1,1,19.337,456.128,0.0,551943_F_WT_s2h1
2,1,58,614,11.0,1,1,1,65.974,698.411,0.0,551943_F_WT_s2h1
2,1,94,727,38.0,1,1,1,106.923,826.945,0.0,551943_F_WT_s2h1
2,1,152,771,74.0,1,1,1,172.896,876.994,0.0,551943_F_WT_s2h1
2,1,57,780,21.0,1,1,1,64.836,887.232,0.0,551943_F_WT_s2h1
2,1,188,538,90.0,1,1,1,213.846,611.962,0.0,551943_F_WT_s2h1
2,1,152,600,126.0,1,1,1,172.896,682.486,0.0,551943_F_WT_s2h1
1,1,23,175,73.0,1,1,1,26.293,200.057,0.0,551944_M_KO_s1h1
1,1,125,53,164.0,1,1,1,142.898,60.589,0.0,551944_M_KO_s1h1
1,1,167,171,94.0,1,1,1,190.912,195.485,0.0,551944_M_KO_s1h1
1,1,190,181,195.0,1,1,1,217.205,206.916,0.0,551944_M_KO_s1h1
1,1,77,290,19.0,1,1,1,88.025,331.524,0.0,551944_M_KO_s1h1
1,1,87,480,94.0,1,1,1,99.457,548.729,0.0,551944_M_KO_s1h1
1,1,30,485,68.0,1,1,1,34.296,554.445,0.0,551944_M_KO_s1h1
1,1,76,593,182.0,1,1,1,86.882,677.909,0.0,551944_M_KO_s1h1
1,1,105,621,184.0,1,1,1,120.034,709.918,0.0,551944_M_KO_s1h1
1,1,115,478,35.0,1,1,1,131.466,546.442,0.0,551944_M_KO_s1h1
1,1,2,69,15.0,1,1,1,2.286,78.88,0.0,551944_M_KO_s1h1
2,1,113,478,37.0,1,1,1,129.18,546.442,0.0,551944_M_KO_s1h1
2,1,192,183,89.0,1,1,1,219.492,209.203,0.0,551944_M_KO_s1h1
2,1,86,481,111.0,1,1,1,98.314,549.872,0.0,551944_M_KO_s1h1
2,1,75,593,112.0,1,1,1,85.739,677.909,0.0,551944_M_KO_s1h1
2,1,107,622,106.0,1,1,1,122.321,711.061,0.0,551944_M_KO_s1h1
1,1,148,115,97.0,1,1,1,169.191,131.466,0.0,551944_M_KO_s1h2
1,1,93,346,28.0,1,1,1,106.316,395.542,0.0,551944_M_KO_s1h2
1,1,199,254,44.0,1,1,1,227.494,290.369,0.0,551944_M_KO_s1h2
1,1,152,423,10.0,1,1,1,173.764,483.567,0.0,551944_M_KO_s1h2
1,1,106,418,173.0,1,1,1,121.178,477.851,0.0,551944_M_KO_s1h2
1,1,107,500,73.0,1,1,1,122.321,571.593,0.0,551944_M_KO_s1h2
1,1,41,511,27.0,1,1,1,46.871,584.168,0.0,551944_M_KO_s1h2
1,1,17,634,15.0,1,1,1,19.434,724.779,0.0,551944_M_KO_s1h2
1,1,15,683,107.0,1,1,1,17.148,780.795,0.0,551944_M_KO_s1h2
1,1,72,600,74.0,1,1,1,82.309,685.911,0.0,551944_M_KO_s1h2
1,1,128,719,23.0,1,1,1,146.328,821.95,0.0,551944_M_KO_s1h2
1,1,150,670,62.0,1,1,1,171.478,765.934,0.0,551944_M_KO_s1h2
1,1,119,569,135.0,1,1,1,136.039,650.472,0.0,551944_M_KO_s1h2
1,1,3,142,117.0,1,1,1,3.43,162.332,0.0,551944_M_KO_s1h2
1,1,151,468,60.0,1,1,1,172.621,535.011,0.0,551944_M_KO_s1h2
2,1,18,634,22.0,1,1,1,20.577,724.779,0.0,551944_M_KO_s1h2
2,1,128,718,17.0,1,1,1,146.328,820.807,0.0,551944_M_KO_s1h2
2,1,153,670,48.0,1,1,1,174.907,765.934,0.0,551944_M_KO_s1h2
2,1,108,420,143.0,1,1,1,123.464,480.138,0.0,551944_M_KO_s1h2
2,1,13,683,90.0,1,1,1,14.861,780.795,0.0,551944_M_KO_s1h2
1,1,123,48,112.0,1,1,1,140.612,54.873,0.0,551944_M_KO_s2h1
1,1,12,159,97.0,1,1,1,13.718,181.766,0.0,551944_M_KO_s2h1
1,1,130,176,33.0,1,1,1,148.614,201.201,0.0,551944_M_KO_s2h1
1,1,104,265,31.0,1,1,1,118.891,302.944,0.0,551944_M_KO_s2h1
1,1,145,304,96.0,1,1,1,165.762,347.528,0.0,551944_M_KO_s2h1
1,1,189,339,69.0,1,1,1,216.062,387.54,0.0,551944_M_KO_s2h1
1,1,169,544,131.0,1,1,1,193.198,621.893,0.0,551944_M_KO_s2h1
1,1,103,519,71.0,1,1,1,117.748,593.313,0.0,551944_M_KO_s2h1
1,1,164,589,151.0,1,1,1,187.482,673.336,0.0,551944_M_KO_s2h1
1,1,58,604,129.0,1,1,1,66.305,690.484,0.0,551944_M_KO_s2h1
1,1,55,359,23.0,1,1,1,62.875,410.403,0.0,551944_M_KO_s2h1
1,1,194,255,43.0,1,1,1,221.778,291.512,0.0,551944_M_KO_s2h1
1,1,44,492,46.0,1,1,1,50.3,562.447,0.0,551944_M_KO_s2h1
1,1,137,636,45.0,1,1,1,156.616,727.066,0.0,551944_M_KO_s2h1
1,1,165,660,51.0,1,1,1,188.626,754.502,0.0,551944_M_KO_s2h1
1,1,183,503,74.0,1,1,1,209.203,575.022,0.0,551944_M_KO_s2h1
2,1,57,606,63.0,1,1,1,65.162,692.77,0.0,551944_M_KO_s2h1
2,1,165,660,51.0,1,1,1,188.626,754.502,0.0,551944_M_KO_s2h1
2,1,171,652,33.0,1,1,1,195.485,745.357,0.0,551944_M_KO_s2h1
2,1,167,545,63.0,1,1,1,190.912,623.036,0.0,551944_M_KO_s2h1
2,1,187,504,27.0,1,1,1,213.776,576.165,0.0,551944_M_KO_s2h1
2,1,54,357,12.0,1,1,1,61.732,408.117,0.0,551944_M_KO_s2h1
2,1,45,493,16.0,1,1,1,51.443,563.59,0.0,551944_M_KO_s2h1
1,1,53,74,139.0,1,1,1,60.286,84.173,0.0,551948_M_WT_s1h1
1,1,34,158,49.0,1,1,1,38.674,179.721,0.0,551948_M_WT_s1h1
1,1,42,223,58.0,1,1,1,47.774,253.657,0.0,551948_M_WT_s1h1
1,1,128,224,34.0,1,1,1,145.597,254.795,0.0,551948_M_WT_s1h1
1,1,124,261,4.0,1,1,1,141.047,296.881,0.0,551948_M_WT_s1h1
1,1,27,369,41.0,1,1,1,30.712,419.729,0.0,551948_M_WT_s1h1
1,1,139,473,100.0,1,1,1,158.109,538.026,0.0,551948_M_WT_s1h1
1,1,92,592,30.0,1,1,1,104.648,673.386,0.0,551948_M_WT_s1h1
1,1,143,664,99.0,1,1,1,162.659,755.284,0.0,551948_M_WT_s1h1
1,1,190,406,50.0,1,1,1,216.121,461.815,0.0,551948_M_WT_s1h1
1,1,76,482,59.0,1,1,1,86.448,548.264,0.0,551948_M_WT_s1h1
1,1,41,620,125.0,1,1,1,46.637,705.235,0.0,551948_M_WT_s1h1
1,1,51,562,56.0,1,1,1,58.011,639.262,0.0,551948_M_WT_s1h1
2,1,139,472,89.0,1,1,1,158.109,536.889,0.0,551948_M_WT_s1h1
2,1,192,406,11.0,1,1,1,218.395,461.815,0.0,551948_M_WT_s1h1
2,1,26,369,43.0,1,1,1,29.574,419.729,0.0,551948_M_WT_s1h1
2,1,143,665,119.0,1,1,1,162.659,756.422,0.0,551948_M_WT_s1h1
2,1,91,590,60.0,1,1,1,103.51,671.111,0.0,551948_M_WT_s1h1
2,1,40,620,165.0,1,1,1,45.499,705.235,0.0,551948_M_WT_s1h1
2,1,72,479,47.0,1,1,1,81.898,544.851,0.0,551948_M_WT_s1h1
1,1,102,39,32.0,1,1,1,116.023,44.362,0.0,551948_M_WT_s1h2
1,1,124,127,68.0,1,1,1,141.047,144.46,0.0,551948_M_WT_s1h2
1,1,88,125,60.0,1,1,1,100.098,142.185,0.0,551948_M_WT_s1h2
1,1,180,81,69.0,1,1,1,204.746,92.136,0.0,551948_M_WT_s1h2
1,1,95,332,119.0,1,1,1,108.06,377.642,0.0,551948_M_WT_s1h2
1,1,100,415,106.0,1,1,1,113.748,472.053,0.0,551948_M_WT_s1h2
1,1,153,548,89.0,1,1,1,174.034,623.337,0.0,551948_M_WT_s1h2
1,1,170,629,16.0,1,1,1,193.371,715.473,0.0,551948_M_WT_s1h2
1,1,37,665,67.0,1,1,1,42.087,756.422,0.0,551948_M_WT_s1h2
1,1,18,526,52.0,1,1,1,20.475,598.313,0.0,551948_M_WT_s1h2
1,1,137,502,88.0,1,1,1,155.834,571.013,0.0,551948_M_WT_s1h2
1,1,96,679,53.0,1,1,1,109.198,772.347,0.0,551948_M_WT_s1h2
1,1,88,200,102.0,1,1,1,100.098,227.495,0.0,551948_M_WT_s1h2
1,1,25,321,112.0,1,1,1,28.437,365.13,0.0,551948_M_WT_s1h2
1,1,124,455,56.0,1,1,1,141.047,517.552,0.0,551948_M_WT_s1h2
1,1,184,249,65.0,1,1,1,209.296,283.232,0.0,551948_M_WT_s1h2
2,1,155,547,17.0,1,1,1,176.309,622.2,0.0,551948_M_WT_s1h2
2,1,168,628,59.0,1,1,1,191.096,714.335,0.0,551948_M_WT_s1h2
2,1,96,680,18.0,1,1,1,109.198,773.484,0.0,551948_M_WT_s1h2
2,1,38,663,76.0,1,1,1,43.224,754.147,0.0,551948_M_WT_s1h2
2,1,20,525,26.0,1,1,1,22.75,597.175,0.0,551948_M_WT_s1h2
2,1,100,414,119.0,1,1,1,113.748,470.915,0.0,551948_M_WT_s1h2
2,1,94,332,75.0,1,1,1,106.923,377.642,0.0,551948_M_WT_s1h2
1,1,27,85,52.0,1,1,1,30.712,96.686,0.0,551948_M_WT_s2h1
1,1,51,40,11.0,1,1,1,58.011,45.499,0.0,551948_M_WT_s2h1
1,1,197,119,82.0,1,1,1,224.083,135.36,0.0,551948_M_WT_s2h1
1,1,143,232,37.0,1,1,1,162.659,263.895,0.0,551948_M_WT_s2h1
1,1,115,281,28.0,1,1,1,130.81,319.631,0.0,551948_M_WT_s2h1
1,1,94,306,52.0,1,1,1,106.923,348.068,0.0,551948_M_WT_s2h1
1,1,100,311,109.0,1,1,1,113.748,353.755,0.0,551948_M_WT_s2h1
1,1,41,270,77.0,1,1,1,46.637,307.119,0.0,551948_M_WT_s2h1
1,1,47,483,29.0,1,1,1,53.461,549.401,0.0,551948_M_WT_s2h1
1,1,73,581,52.0,1,1,1,83.036,660.874,0.0,551948_M_WT_s2h1
1,1,189,539,45.0,1,1,1,214.983,613.1,0.0,551948_M_WT_s2h1
1,1,67,344,54.0,1,1,1,76.211,391.292,0.0,551948_M_WT_s2h1
1,1,193,349,128.0,1,1,1,219.533,396.979,0.0,551948_M_WT_s2h1
1,1,36,346,60.0,1,1,1,40.949,393.567,0.0,551948_M_WT_s2h1
1,1,143,52,51.0,1,1,1,162.659,59.149,0.0,551948_M_WT_s2h1
1,1,101,54,20.0,1,1,1,114.885,61.424,0.0,551948_M_WT_s2h1
1,1,175,83,16.0,1,1,1,199.058,94.411,0.0,551948_M_WT_s2h1
1,1,17,157,134.0,1,1,1,19.337,178.584,0.0,551948_M_WT_s2h1
2,1,46,483,68.0,1,1,1,52.324,549.401,0.0,551948_M_WT_s2h1
2,1,191,538,68.0,1,1,1,217.258,611.962,0.0,551948_M_WT_s2h1
2,1,36,345,51.0,1,1,1,40.949,392.429,0.0,551948_M_WT_s2h1
2,1,143,231,30.0,1,1,1,162.659,262.757,0.0,551948_M_WT_s2h1
2,1,50,40,31.0,1,1,1,56.874,45.499,0.0,551948_M_WT_s2h1
2,1,73,580,41.0,1,1,1,83.036,659.736,0.0,551948_M_WT_s2h1
